{
  "id": "1.9.2-OptiFine_HD_U_E3",
  "time": "2016-06-01T06:45:48-05:00",
  "releaseTime": "2016-03-30T09:23:55-06:00",
  "type": "release",
  "minecraftArguments": "--username ${auth_player_name} --version ${version_name} --gameDir ${game_directory} --assetsDir ${assets_root} --assetIndex ${assets_index_name} --uuid ${auth_uuid} --accessToken ${auth_access_token} --userType ${user_type} --versionType ${version_type}  --tweakClass optifine.OptiFineTweaker",
  "libraries": [
    {
      "name": "optifine:OptiFine:1.9.2_HD_U_E3"
    },
    {
      "name": "net.minecraft:launchwrapper:1.12"
    }
  ],
  "mainClass": "net.minecraft.launchwrapper.Launch",
  "minimumLauncherVersion": 18,
  "assets": "1.9",
  "downloads": {
    "client": {
      "url": "https://launcher.mojang.com/mc/game/1.9.2/client/19106fd5e222dca0f2dde9f66db8384c9a7db957/client.jar",
      "sha1": "19106fd5e222dca0f2dde9f66db8384c9a7db957",
      "size": 8699297
    },
    "server": {
      "url": "https://launcher.mojang.com/mc/game/1.9.2/server/2b95cc7b136017e064c46d04a5825fe4cfa1be30/server.jar",
      "sha1": "2b95cc7b136017e064c46d04a5825fe4cfa1be30",
      "size": 8848002
    }
  },
  "assetIndex": {
    "totalSize": 120896362,
    "id": "1.9",
    "known": true,
    "url": "https://launchermeta.mojang.com/mc/assets/1.9/8549e8aca91ee8b8d1620e9e8252d477f16a56d5/1.9.json",
    "sha1": "8549e8aca91ee8b8d1620e9e8252d477f16a56d5",
    "size": 137552
  },
  "inheritsFrom": "1.9.2"
}