{
  "id": "1.7.10-OptiFine_HD_U_E7",
  "time": "2014-05-14T12:29:23-05:00",
  "releaseTime": "2014-05-14T12:29:23-05:00",
  "type": "release",
  "minecraftArguments": "--username ${auth_player_name} --version ${version_name} --gameDir ${game_directory} --assetsDir ${assets_root} --assetIndex ${assets_index_name} --uuid ${auth_uuid} --accessToken ${auth_access_token} --userProperties ${user_properties} --userType ${user_type}  --tweakClass optifine.OptiFineTweaker",
  "libraries": [
    {
      "name": "optifine:OptiFine:1.7.10_HD_U_E7"
    },
    {
      "name": "net.minecraft:launchwrapper:1.12"
    }
  ],
  "mainClass": "net.minecraft.launchwrapper.Launch",
  "minimumLauncherVersion": 13,
  "assets": "1.7.10",
  "downloads": {
    "client": {
      "url": "https://launcher.mojang.com/v1/objects/e80d9b3bf5085002218d4be59e668bac718abbc6/client.jar",
      "sha1": "e80d9b3bf5085002218d4be59e668bac718abbc6",
      "size": 5256245
    },
    "server": {
      "url": "https://launcher.mojang.com/v1/objects/952438ac4e01b4d115c5fc38f891710c4941df29/server.jar",
      "sha1": "952438ac4e01b4d115c5fc38f891710c4941df29",
      "size": 9605030
    },
    "windows_server": {
      "url": "https://launcher.mojang.com/v1/objects/a79b91ef69b9b4af63d1c7007f60259106869b21/windows_server.exe",
      "sha1": "a79b91ef69b9b4af63d1c7007f60259106869b21",
      "size": 9999270
    }
  },
  "assetIndex": {
    "totalSize": 112396854,
    "id": "1.7.10",
    "known": true,
    "url": "https://launchermeta.mojang.com/v1/packages/1863782e33ce7b584fc45b037325a1964e095d3e/1.7.10.json",
    "sha1": "1863782e33ce7b584fc45b037325a1964e095d3e",
    "size": 72996
  },
  "inheritsFrom": "1.7.10"
}