{
  "id": "1.13.2-OptiFine_HD_U_E6",
  "inheritsFrom": "1.13.2",
  "time": "2019-03-11T10:11:02-06:00",
  "releaseTime": "2019-03-11T10:11:02-06:00",
  "type": "release",
  "libraries": [
    {
      "name": "optifine:OptiFine:1.13.2_HD_U_E6"
    },
    {
      "name": "net.minecraft:launchwrapper:1.12"
    }
  ],
  "mainClass": "net.minecraft.launchwrapper.Launch",
  "minimumLauncherVersion": "21",
  "arguments": {
    "game": [
      "--tweakClass",
      "optifine.OptiFineTweaker"
    ]
  }
}