{
  "id": "1.7.10",
  "time": "2014-05-14T12:29:23-05:00",
  "releaseTime": "2014-05-14T12:29:23-05:00",
  "type": "release",
  "minecraftArguments": "--username ${auth_player_name} --version ${version_name} --gameDir ${game_directory} --assetsDir ${assets_root} --assetIndex ${assets_index_name} --uuid ${auth_uuid} --accessToken ${auth_access_token} --userProperties ${user_properties} --userType ${user_type}",
  "libraries": [
    {
      "name": "com.mojang:netty:1.6",
      "downloads": {
        "artifact": {
          "url": "https://libraries.minecraft.net/com/mojang/netty/1.6/netty-1.6.jar",
          "sha1": "4b75825a06139752bd800d9e29c5fd55b8b1b1e4",
          "size": 7877
        }
      }
    },
    {
      "name": "com.mojang:realms:1.3.5",
      "downloads": {
        "artifact": {
          "url": "https://libraries.minecraft.net/com/mojang/realms/1.3.5/realms-1.3.5.jar",
          "sha1": "0807ae355ee63583becd7ea60e76aab1532bb42e",
          "size": 353818
        }
      }
    },
    {
      "name": "org.apache.commons:commons-compress:1.8.1",
      "downloads": {
        "artifact": {
          "url": "https://libraries.minecraft.net/org/apache/commons/commons-compress/1.8.1/commons-compress-1.8.1.jar",
          "sha1": "a698750c16740fd5b3871425f4cb3bbaa87f529d",
          "size": 365552
        }
      }
    },
    {
      "name": "org.apache.httpcomponents:httpclient:4.3.3",
      "downloads": {
        "artifact": {
          "url": "https://libraries.minecraft.net/org/apache/httpcomponents/httpclient/4.3.3/httpclient-4.3.3.jar",
          "sha1": "18f4247ff4572a074444572cee34647c43e7c9c7",
          "size": 589512
        }
      }
    },
    {
      "name": "commons-logging:commons-logging:1.1.3",
      "downloads": {
        "artifact": {
          "url": "https://libraries.minecraft.net/commons-logging/commons-logging/1.1.3/commons-logging-1.1.3.jar",
          "sha1": "f6f66e966c70a83ffbdb6f17a0919eaf7c8aca7f",
          "size": 62050
        }
      }
    },
    {
      "name": "org.apache.httpcomponents:httpcore:4.3.2",
      "downloads": {
        "artifact": {
          "url": "https://libraries.minecraft.net/org/apache/httpcomponents/httpcore/4.3.2/httpcore-4.3.2.jar",
          "sha1": "31fbbff1ddbf98f3aa7377c94d33b0447c646b6e",
          "size": 282269
        }
      }
    },
    {
      "name": "java3d:vecmath:1.3.1",
      "downloads": {
        "artifact": {
          "url": "https://libraries.minecraft.net/java3d/vecmath/1.3.1/vecmath-1.3.1.jar",
          "sha1": "a0ae4f51da409fa0c20fa0ca59e6bbc9413ae71d",
          "size": 289881
        }
      }
    },
    {
      "name": "net.sf.trove4j:trove4j:3.0.3",
      "downloads": {
        "artifact": {
          "url": "https://libraries.minecraft.net/net/sf/trove4j/trove4j/3.0.3/trove4j-3.0.3.jar",
          "sha1": "42ccaf4761f0dfdfa805c9e340d99a755907e2dd",
          "size": 2523218
        }
      }
    },
    {
      "name": "com.ibm.icu:icu4j-core-mojang:51.2",
      "downloads": {
        "artifact": {
          "url": "https://libraries.minecraft.net/com/ibm/icu/icu4j-core-mojang/51.2/icu4j-core-mojang-51.2.jar",
          "sha1": "63d216a9311cca6be337c1e458e587f99d382b84",
          "size": 1634692
        }
      }
    },
    {
      "name": "net.sf.jopt-simple:jopt-simple:4.5",
      "downloads": {
        "artifact": {
          "url": "https://libraries.minecraft.net/net/sf/jopt-simple/jopt-simple/4.5/jopt-simple-4.5.jar",
          "sha1": "6065cc95c661255349c1d0756657be17c29a4fd3",
          "size": 61311
        }
      }
    },
    {
      "name": "com.paulscode:codecjorbis:20101023",
      "downloads": {
        "artifact": {
          "url": "https://libraries.minecraft.net/com/paulscode/codecjorbis/20101023/codecjorbis-20101023.jar",
          "sha1": "c73b5636faf089d9f00e8732a829577de25237ee",
          "size": 103871
        }
      }
    },
    {
      "name": "com.paulscode:codecwav:20101023",
      "downloads": {
        "artifact": {
          "url": "https://libraries.minecraft.net/com/paulscode/codecwav/20101023/codecwav-20101023.jar",
          "sha1": "12f031cfe88fef5c1dd36c563c0a3a69bd7261da",
          "size": 5618
        }
      }
    },
    {
      "name": "com.paulscode:libraryjavasound:20101123",
      "downloads": {
        "artifact": {
          "url": "https://libraries.minecraft.net/com/paulscode/libraryjavasound/20101123/libraryjavasound-20101123.jar",
          "sha1": "5c5e304366f75f9eaa2e8cca546a1fb6109348b3",
          "size": 21679
        }
      }
    },
    {
      "name": "com.paulscode:librarylwjglopenal:20100824",
      "downloads": {
        "artifact": {
          "url": "https://libraries.minecraft.net/com/paulscode/librarylwjglopenal/20100824/librarylwjglopenal-20100824.jar",
          "sha1": "73e80d0794c39665aec3f62eee88ca91676674ef",
          "size": 18981
        }
      }
    },
    {
      "name": "com.paulscode:soundsystem:20120107",
      "downloads": {
        "artifact": {
          "url": "https://libraries.minecraft.net/com/paulscode/soundsystem/20120107/soundsystem-20120107.jar",
          "sha1": "419c05fe9be71f792b2d76cfc9b67f1ed0fec7f6",
          "size": 65020
        }
      }
    },
    {
      "name": "io.netty:netty-all:4.0.10.Final",
      "downloads": {
        "artifact": {
          "url": "https://libraries.minecraft.net/io/netty/netty-all/4.0.10.Final/netty-all-4.0.10.Final.jar",
          "sha1": "9e50bd52ffe257a0e2cd8d971688d6ce7d174325",
          "size": 1452995
        }
      }
    },
    {
      "name": "com.google.guava:guava:15.0",
      "downloads": {
        "artifact": {
          "url": "https://libraries.minecraft.net/com/google/guava/guava/15.0/guava-15.0.jar",
          "sha1": "ed727a8d9f247e2050281cb083f1c77b09dcb5cd",
          "size": 2172168
        }
      }
    },
    {
      "name": "org.apache.commons:commons-lang3:3.1",
      "downloads": {
        "artifact": {
          "url": "https://libraries.minecraft.net/org/apache/commons/commons-lang3/3.1/commons-lang3-3.1.jar",
          "sha1": "905075e6c80f206bbe6cf1e809d2caa69f420c76",
          "size": 315805
        }
      }
    },
    {
      "name": "commons-io:commons-io:2.4",
      "downloads": {
        "artifact": {
          "url": "https://libraries.minecraft.net/commons-io/commons-io/2.4/commons-io-2.4.jar",
          "sha1": "b1b6ea3b7e4aa4f492509a4952029cd8e48019ad",
          "size": 185140
        }
      }
    },
    {
      "name": "commons-codec:commons-codec:1.9",
      "downloads": {
        "artifact": {
          "url": "https://libraries.minecraft.net/commons-codec/commons-codec/1.9/commons-codec-1.9.jar",
          "sha1": "9ce04e34240f674bc72680f8b843b1457383161a",
          "size": 263965
        }
      }
    },
    {
      "name": "net.java.jinput:jinput:2.0.5",
      "downloads": {
        "artifact": {
          "url": "https://libraries.minecraft.net/net/java/jinput/jinput/2.0.5/jinput-2.0.5.jar",
          "sha1": "39c7796b469a600f72380316f6b1f11db6c2c7c4",
          "size": 208338
        }
      }
    },
    {
      "name": "net.java.jutils:jutils:1.0.0",
      "downloads": {
        "artifact": {
          "url": "https://libraries.minecraft.net/net/java/jutils/jutils/1.0.0/jutils-1.0.0.jar",
          "sha1": "e12fe1fda814bd348c1579329c86943d2cd3c6a6",
          "size": 7508
        }
      }
    },
    {
      "name": "com.google.code.gson:gson:2.2.4",
      "downloads": {
        "artifact": {
          "url": "https://libraries.minecraft.net/com/google/code/gson/gson/2.2.4/gson-2.2.4.jar",
          "sha1": "a60a5e993c98c864010053cb901b7eab25306568",
          "size": 190432
        }
      }
    },
    {
      "name": "com.mojang:authlib:1.5.21",
      "downloads": {
        "artifact": {
          "url": "https://libraries.minecraft.net/com/mojang/authlib/1.5.21/authlib-1.5.21.jar",
          "sha1": "aefba0d5b53fbcb70860bc8046ab95d5854c07a5",
          "size": 64412
        }
      }
    },
    {
      "name": "org.apache.logging.log4j:log4j-api:2.0-beta9",
      "downloads": {
        "artifact": {
          "url": "https://libraries.minecraft.net/org/apache/logging/log4j/log4j-api/2.0-beta9/log4j-api-2.0-beta9.jar",
          "sha1": "1dd66e68cccd907880229f9e2de1314bd13ff785",
          "size": 108161
        }
      }
    },
    {
      "name": "org.apache.logging.log4j:log4j-core:2.0-beta9",
      "downloads": {
        "artifact": {
          "url": "https://libraries.minecraft.net/org/apache/logging/log4j/log4j-core/2.0-beta9/log4j-core-2.0-beta9.jar",
          "sha1": "678861ba1b2e1fccb594bb0ca03114bb05da9695",
          "size": 681134
        }
      }
    },
    {
      "name": "org.lwjgl.lwjgl:lwjgl:2.9.1",
      "downloads": {
        "artifact": {
          "url": "https://libraries.minecraft.net/org/lwjgl/lwjgl/lwjgl/2.9.1/lwjgl-2.9.1.jar",
          "sha1": "f58c5aabcef0e41718a564be9f8e412fff8db847",
          "size": 1014790
        }
      }
    },
    {
      "name": "org.lwjgl.lwjgl:lwjgl_util:2.9.1",
      "downloads": {
        "artifact": {
          "url": "https://libraries.minecraft.net/org/lwjgl/lwjgl/lwjgl_util/2.9.1/lwjgl_util-2.9.1.jar",
          "sha1": "290d7ba8a1bd9566f5ddf16ad06f09af5ec9b20e",
          "size": 173909
        }
      }
    },
    {
      "name": "org.lwjgl.lwjgl:lwjgl-platform:2.9.1",
      "natives": {
        "linux": "natives-linux",
        "osx": "natives-osx",
        "windows": "natives-windows"
      },
      "extract": {
        "exclude": [
          "META-INF/"
        ]
      },
      "downloads": {
        "classifiers": {
          "natives-linux": {
            "url": "https://libraries.minecraft.net/org/lwjgl/lwjgl/lwjgl-platform/2.9.1/lwjgl-platform-2.9.1-natives-linux.jar",
            "sha1": "aa9aae879af8eb378e22cfc64db56ec2ca9a44d1",
            "size": 571424
          },
          "natives-osx": {
            "url": "https://libraries.minecraft.net/org/lwjgl/lwjgl/lwjgl-platform/2.9.1/lwjgl-platform-2.9.1-natives-osx.jar",
            "sha1": "2d12c83fdfbc04ecabf02c7bc8cc54d034f0daac",
            "size": 527196
          },
          "natives-windows": {
            "url": "https://libraries.minecraft.net/org/lwjgl/lwjgl/lwjgl-platform/2.9.1/lwjgl-platform-2.9.1-natives-windows.jar",
            "sha1": "4c517eca808522457dd95ee8fc1fbcdbb602efbe",
            "size": 611334
          }
        }
      }
    },
    {
      "name": "net.java.jinput:jinput-platform:2.0.5",
      "natives": {
        "linux": "natives-linux",
        "osx": "natives-osx",
        "windows": "natives-windows"
      },
      "extract": {
        "exclude": [
          "META-INF/"
        ]
      },
      "downloads": {
        "classifiers": {
          "natives-linux": {
            "url": "https://libraries.minecraft.net/net/java/jinput/jinput-platform/2.0.5/jinput-platform-2.0.5-natives-linux.jar",
            "sha1": "7ff832a6eb9ab6a767f1ade2b548092d0fa64795",
            "size": 10362
          },
          "natives-osx": {
            "url": "https://libraries.minecraft.net/net/java/jinput/jinput-platform/2.0.5/jinput-platform-2.0.5-natives-osx.jar",
            "sha1": "53f9c919f34d2ca9de8c51fc4e1e8282029a9232",
            "size": 12186
          },
          "natives-windows": {
            "url": "https://libraries.minecraft.net/net/java/jinput/jinput-platform/2.0.5/jinput-platform-2.0.5-natives-windows.jar",
            "sha1": "385ee093e01f587f30ee1c8a2ee7d408fd732e16",
            "size": 155179
          }
        }
      }
    },
    {
      "name": "tv.twitch:twitch:5.16",
      "downloads": {
        "artifact": {
          "url": "https://libraries.minecraft.net/tv/twitch/twitch/5.16/twitch-5.16.jar",
          "sha1": "1f55f009c61637c10c0acfb8b5ffc600f30044b4",
          "size": 52315
        }
      }
    },
    {
      "name": "tv.twitch:twitch-platform:5.16",
      "rules": [
        {
          "action": "allow"
        },
        {
          "action": "disallow",
          "os": {
            "name": "linux"
          }
        }
      ],
      "natives": {
        "linux": "natives-linux",
        "osx": "natives-osx",
        "windows": "natives-windows-${arch}"
      },
      "extract": {
        "exclude": [
          "META-INF/"
        ]
      },
      "downloads": {
        "classifiers": {
          "natives-osx": {
            "url": "https://libraries.minecraft.net/tv/twitch/twitch-platform/5.16/twitch-platform-5.16-natives-osx.jar",
            "sha1": "62503ee712766cf77f97252e5902786fd834b8c5",
            "size": 418331
          },
          "natives-windows-32": {
            "url": "https://libraries.minecraft.net/tv/twitch/twitch-platform/5.16/twitch-platform-5.16-natives-windows-32.jar",
            "sha1": "7c6affe439099806a4f552da14c42f9d643d8b23",
            "size": 386792
          },
          "natives-windows-64": {
            "url": "https://libraries.minecraft.net/tv/twitch/twitch-platform/5.16/twitch-platform-5.16-natives-windows-64.jar",
            "sha1": "39d0c3d363735b4785598e0e7fbf8297c706a9f9",
            "size": 463390
          }
        }
      }
    },
    {
      "name": "tv.twitch:twitch-external-platform:4.5",
      "rules": [
        {
          "action": "allow",
          "os": {
            "name": "windows"
          }
        }
      ],
      "natives": {
        "windows": "natives-windows-${arch}"
      },
      "extract": {
        "exclude": [
          "META-INF/"
        ]
      },
      "downloads": {
        "classifiers": {
          "natives-windows-32": {
            "url": "https://libraries.minecraft.net/tv/twitch/twitch-external-platform/4.5/twitch-external-platform-4.5-natives-windows-32.jar",
            "sha1": "18215140f010c05b9f86ef6f0f8871954d2ccebf",
            "size": 5654047
          },
          "natives-windows-64": {
            "url": "https://libraries.minecraft.net/tv/twitch/twitch-external-platform/4.5/twitch-external-platform-4.5-natives-windows-64.jar",
            "sha1": "c3cde57891b935d41b6680a9c5e1502eeab76d86",
            "size": 7457619
          }
        }
      }
    }
  ],
  "mainClass": "net.minecraft.client.main.Main",
  "minimumLauncherVersion": 13,
  "assets": "1.7.10",
  "downloads": {
    "client": {
      "url": "https://launcher.mojang.com/v1/objects/e80d9b3bf5085002218d4be59e668bac718abbc6/client.jar",
      "sha1": "e80d9b3bf5085002218d4be59e668bac718abbc6",
      "size": 5256245
    },
    "server": {
      "url": "https://launcher.mojang.com/v1/objects/952438ac4e01b4d115c5fc38f891710c4941df29/server.jar",
      "sha1": "952438ac4e01b4d115c5fc38f891710c4941df29",
      "size": 9605030
    },
    "windows_server": {
      "url": "https://launcher.mojang.com/v1/objects/a79b91ef69b9b4af63d1c7007f60259106869b21/windows_server.exe",
      "sha1": "a79b91ef69b9b4af63d1c7007f60259106869b21",
      "size": 9999270
    }
  },
  "assetIndex": {
    "totalSize": 112396854,
    "id": "1.7.10",
    "known": true,
    "url": "https://launchermeta.mojang.com/v1/packages/1863782e33ce7b584fc45b037325a1964e095d3e/1.7.10.json",
    "sha1": "1863782e33ce7b584fc45b037325a1964e095d3e",
    "size": 72996
  }
}