{
  "id": "1.11-OptiFine_HD_U_C7",
  "time": "2017-02-07T07:18:39-06:00",
  "releaseTime": "2016-11-14T08:34:40-06:00",
  "type": "release",
  "minecraftArguments": "--username ${auth_player_name} --version ${version_name} --gameDir ${game_directory} --assetsDir ${assets_root} --assetIndex ${assets_index_name} --uuid ${auth_uuid} --accessToken ${auth_access_token} --userType ${user_type} --versionType ${version_type}  --tweakClass optifine.OptiFineTweaker",
  "libraries": [
    {
      "name": "optifine:OptiFine:1.11_HD_U_C7"
    },
    {
      "name": "net.minecraft:launchwrapper:1.12"
    }
  ],
  "mainClass": "net.minecraft.launchwrapper.Launch",
  "minimumLauncherVersion": 18,
  "assets": "1.11",
  "downloads": {
    "client": {
      "url": "https://launcher.mojang.com/mc/game/1.11/client/780e46b3a96091a7f42c028c615af45974629072/client.jar",
      "sha1": "780e46b3a96091a7f42c028c615af45974629072",
      "size": 9183701
    },
    "server": {
      "url": "https://launcher.mojang.com/mc/game/1.11/server/48820c84cb1ed502cb5b2fe23b8153d5e4fa61c0/server.jar",
      "sha1": "48820c84cb1ed502cb5b2fe23b8153d5e4fa61c0",
      "size": 9713666
    }
  },
  "assetIndex": {
    "totalSize": 124627552,
    "id": "1.11",
    "known": true,
    "url": "https://launchermeta.mojang.com/mc/assets/1.11/ea7f56173691250e9805db5e3dda2d65b951ede3/1.11.json",
    "sha1": "ea7f56173691250e9805db5e3dda2d65b951ede3",
    "size": 157395
  },
  "inheritsFrom": "1.11"
}