{
  "id": "1.12.1-OptiFine_HD_U_C7",
  "time": "2017-08-03T07:40:39-05:00",
  "releaseTime": "2017-08-03T07:40:39-05:00",
  "type": "release",
  "minecraftArguments": "--username ${auth_player_name} --version ${version_name} --gameDir ${game_directory} --assetsDir ${assets_root} --assetIndex ${assets_index_name} --uuid ${auth_uuid} --accessToken ${auth_access_token} --userType ${user_type} --versionType ${version_type}  --tweakClass optifine.OptiFineTweaker",
  "libraries": [
    {
      "name": "optifine:OptiFine:1.12.1_HD_U_C7"
    },
    {
      "name": "net.minecraft:launchwrapper:1.12"
    }
  ],
  "mainClass": "net.minecraft.launchwrapper.Launch",
  "minimumLauncherVersion": 18,
  "assets": "1.12",
  "downloads": {
    "client": {
      "url": "https://launcher.mojang.com/v1/objects/83385d346cf7f97d1e447b888750fb88e9928b93/client.jar",
      "sha1": "83385d346cf7f97d1e447b888750fb88e9928b93",
      "size": 10178558
    },
    "server": {
      "url": "https://launcher.mojang.com/v1/objects/561c7b2d54bae80cc06b05d950633a9ac95da816/server.jar",
      "sha1": "561c7b2d54bae80cc06b05d950633a9ac95da816",
      "size": 30221337
    }
  },
  "assetIndex": {
    "totalSize": 129336389,
    "id": "1.12",
    "known": true,
    "url": "https://launchermeta.mojang.com/v1/packages/1584b57c1a0b5e593fad1f5b8f78536ca640547b/1.12.json",
    "sha1": "1584b57c1a0b5e593fad1f5b8f78536ca640547b",
    "size": 143138
  },
  "inheritsFrom": "1.12.1"
}