{
  "id": "1.14.2-OptiFine_HD_U_F1_pre15",
  "inheritsFrom": "1.14.2",
  "time": "2020-07-14T22:57:09-05:00",
  "releaseTime": "2020-07-14T22:57:09-05:00",
  "type": "release",
  "libraries": [
    {
      "name": "optifine:OptiFine:1.14.2_HD_U_F1_pre15"
    },
    {
      "name": "optifine:launchwrapper:2.0"
    }
  ],
  "mainClass": "net.minecraft.launchwrapper.Launch",
  "minimumLauncherVersion": "21",
  "arguments": {
    "game": [
      "--tweakClass",
      "optifine.OptiFineTweaker"
    ]
  }
}