{
  "id": "1.9.4-OptiFine_HD_U_H5",
  "inheritsFrom": "1.9.4",
  "time": "2019-12-10T21:59:31-06:00",
  "releaseTime": "2019-12-10T21:59:31-06:00",
  "type": "release",
  "libraries": [
    {
      "name": "optifine:OptiFine:1.9.4_HD_U_H5"
    },
    {
      "name": "optifine:launchwrapper-of:2.1"
    }
  ],
  "mainClass": "net.minecraft.launchwrapper.Launch",
  "minecraftArguments": "--username ${auth_player_name} --version ${version_name} --gameDir ${game_directory} --assetsDir ${assets_root} --assetIndex ${assets_index_name} --uuid ${auth_uuid} --accessToken ${auth_access_token} --userType ${user_type} --versionType ${version_type}  --tweakClass optifine.OptiFineTweaker"
}