{
  "id": "1.10-OptiFine_HD_U_E7",
  "time": "2016-07-22T03:46:23-05:00",
  "releaseTime": "2016-06-08T08:06:18-05:00",
  "type": "release",
  "minecraftArguments": "--username ${auth_player_name} --version ${version_name} --gameDir ${game_directory} --assetsDir ${assets_root} --assetIndex ${assets_index_name} --uuid ${auth_uuid} --accessToken ${auth_access_token} --userType ${user_type} --versionType ${version_type}  --tweakClass optifine.OptiFineTweaker",
  "libraries": [
    {
      "name": "optifine:OptiFine:1.10_HD_U_E7"
    },
    {
      "name": "net.minecraft:launchwrapper:1.12"
    }
  ],
  "mainClass": "net.minecraft.launchwrapper.Launch",
  "minimumLauncherVersion": 18,
  "assets": "1.10",
  "downloads": {
    "client": {
      "url": "https://launcher.mojang.com/mc/game/1.10/client/ba038efbc6d9e4a046927a7658413d0276895739/client.jar",
      "sha1": "ba038efbc6d9e4a046927a7658413d0276895739",
      "size": 8856992
    },
    "server": {
      "url": "https://launcher.mojang.com/mc/game/1.10/server/a96617ffdf5dabbb718ab11a9a68e50545fc5bee/server.jar",
      "sha1": "a96617ffdf5dabbb718ab11a9a68e50545fc5bee",
      "size": 9459395
    }
  },
  "assetIndex": {
    "totalSize": 122198775,
    "id": "1.10",
    "known": true,
    "url": "https://launchermeta.mojang.com/mc/assets/1.10/72241db3c0bdc39e39b202182ff0000da5271a1d/1.10.json",
    "sha1": "72241db3c0bdc39e39b202182ff0000da5271a1d",
    "size": 145874
  },
  "inheritsFrom": "1.10"
}