{
  "id": "1.14-OptiFine_HD_U_F1_pre6",
  "inheritsFrom": "1.14",
  "time": "2020-07-14T23:08:59-05:00",
  "releaseTime": "2020-07-14T23:08:59-05:00",
  "type": "release",
  "libraries": [
    {
      "name": "optifine:OptiFine:1.14_HD_U_F1_pre6"
    },
    {
      "name": "net.minecraft:launchwrapper:1.12"
    }
  ],
  "mainClass": "net.minecraft.launchwrapper.Launch",
  "minimumLauncherVersion": "21",
  "arguments": {
    "game": [
      "--tweakClass",
      "optifine.OptiFineTweaker"
    ]
  }
}