{
  "id": "1.8.9-OptiFine_HD_U_L5",
  "inheritsFrom": "1.8.9",
  "time": "2019-12-10T22:05:27-06:00",
  "releaseTime": "2019-12-10T22:05:27-06:00",
  "type": "release",
  "libraries": [
    {
      "name": "optifine:OptiFine:1.8.9_HD_U_L5"
    },
    {
      "name": "optifine:launchwrapper-of:2.1"
    }
  ],
  "mainClass": "net.minecraft.launchwrapper.Launch",
  "minecraftArguments": "--username ${auth_player_name} --version ${version_name} --gameDir ${game_directory} --assetsDir ${assets_root} --assetIndex ${assets_index_name} --uuid ${auth_uuid} --accessToken ${auth_access_token} --userProperties ${user_properties} --userType ${user_type}  --tweakClass optifine.OptiFineTweaker"
}