{
  "id": "1.8.9-OptiFine_HD_U_I7",
  "time": "2015-12-03T03:24:39-06:00",
  "releaseTime": "2015-12-03T03:24:39-06:00",
  "type": "release",
  "minecraftArguments": "--username ${auth_player_name} --version ${version_name} --gameDir ${game_directory} --assetsDir ${assets_root} --assetIndex ${assets_index_name} --uuid ${auth_uuid} --accessToken ${auth_access_token} --userProperties ${user_properties} --userType ${user_type}  --tweakClass optifine.OptiFineTweaker",
  "libraries": [
    {
      "name": "optifine:OptiFine:1.8.9_HD_U_I7"
    },
    {
      "name": "net.minecraft:launchwrapper:1.12"
    }
  ],
  "mainClass": "net.minecraft.launchwrapper.Launch",
  "minimumLauncherVersion": 14,
  "assets": "1.8",
  "downloads": {
    "client": {
      "url": "https://launcher.mojang.com/v1/objects/3870888a6c3d349d3771a3e9d16c9bf5e076b908/client.jar",
      "sha1": "3870888a6c3d349d3771a3e9d16c9bf5e076b908",
      "size": 8461484
    },
    "server": {
      "url": "https://launcher.mojang.com/v1/objects/b58b2ceb36e01bcd8dbf49c8fb66c55a9f0676cd/server.jar",
      "sha1": "b58b2ceb36e01bcd8dbf49c8fb66c55a9f0676cd",
      "size": 8320755
    },
    "windows_server": {
      "url": "https://launcher.mojang.com/v1/objects/5143618265b8a2d1d28bcadf206b7327738c2670/windows_server.exe",
      "sha1": "5143618265b8a2d1d28bcadf206b7327738c2670",
      "size": 8714995
    }
  },
  "assetIndex": {
    "totalSize": 114885064,
    "id": "1.8",
    "known": true,
    "url": "https://launchermeta.mojang.com/v1/packages/f6ad102bcaa53b1a58358f16e376d548d44933ec/1.8.json",
    "sha1": "f6ad102bcaa53b1a58358f16e376d548d44933ec",
    "size": 78494
  },
  "inheritsFrom": "1.8.9"
}