{
  "id": "1.8-OptiFine_HD_U_I7",
  "time": "2014-09-02T03:24:35-05:00",
  "releaseTime": "2014-09-02T03:24:35-05:00",
  "type": "release",
  "minecraftArguments": "--username ${auth_player_name} --version ${version_name} --gameDir ${game_directory} --assetsDir ${assets_root} --assetIndex ${assets_index_name} --uuid ${auth_uuid} --accessToken ${auth_access_token} --userProperties ${user_properties} --userType ${user_type}  --tweakClass optifine.OptiFineTweaker",
  "libraries": [
    {
      "name": "optifine:OptiFine:1.8_HD_U_I7"
    },
    {
      "name": "net.minecraft:launchwrapper:1.12"
    }
  ],
  "mainClass": "net.minecraft.launchwrapper.Launch",
  "minimumLauncherVersion": 14,
  "assets": "1.8",
  "downloads": {
    "client": {
      "url": "https://launcher.mojang.com/v1/objects/d722504db9de2b47f46cc592b8528446272ae648/client.jar",
      "sha1": "d722504db9de2b47f46cc592b8528446272ae648",
      "size": 7746841
    },
    "server": {
      "url": "https://launcher.mojang.com/v1/objects/a028f00e678ee5c6aef0e29656dca091b5df11c7/server.jar",
      "sha1": "a028f00e678ee5c6aef0e29656dca091b5df11c7",
      "size": 10375504
    },
    "windows_server": {
      "url": "https://launcher.mojang.com/v1/objects/73e0862463b91a6a5aea29da58f85ef1e7915c83/windows_server.exe",
      "sha1": "73e0862463b91a6a5aea29da58f85ef1e7915c83",
      "size": 10769744
    }
  },
  "assetIndex": {
    "totalSize": 114885064,
    "id": "1.8",
    "known": true,
    "url": "https://launchermeta.mojang.com/v1/packages/f6ad102bcaa53b1a58358f16e376d548d44933ec/1.8.json",
    "sha1": "f6ad102bcaa53b1a58358f16e376d548d44933ec",
    "size": 78494
  },
  "inheritsFrom": "1.8"
}