{
  "id": "1.12-OptiFine_HD_U_C7",
  "time": "2017-06-02T08:50:27-05:00",
  "releaseTime": "2017-06-02T08:50:27-05:00",
  "type": "release",
  "minecraftArguments": "--username ${auth_player_name} --version ${version_name} --gameDir ${game_directory} --assetsDir ${assets_root} --assetIndex ${assets_index_name} --uuid ${auth_uuid} --accessToken ${auth_access_token} --userType ${user_type} --versionType ${version_type}  --tweakClass optifine.OptiFineTweaker",
  "libraries": [
    {
      "name": "optifine:OptiFine:1.12_HD_U_C7"
    },
    {
      "name": "net.minecraft:launchwrapper:1.12"
    }
  ],
  "mainClass": "net.minecraft.launchwrapper.Launch",
  "minimumLauncherVersion": 18,
  "assets": "1.12",
  "downloads": {
    "client": {
      "url": "https://launcher.mojang.com/v1/objects/909823f9c467f9934687f136bc95a667a0d19d7f/client.jar",
      "sha1": "909823f9c467f9934687f136bc95a667a0d19d7f",
      "size": 10177098
    },
    "server": {
      "url": "https://launcher.mojang.com/v1/objects/8494e844e911ea0d63878f64da9dcc21f53a3463/server.jar",
      "sha1": "8494e844e911ea0d63878f64da9dcc21f53a3463",
      "size": 30202458
    }
  },
  "assetIndex": {
    "totalSize": 129336389,
    "id": "1.12",
    "known": true,
    "url": "https://launchermeta.mojang.com/v1/packages/1584b57c1a0b5e593fad1f5b8f78536ca640547b/1.12.json",
    "sha1": "1584b57c1a0b5e593fad1f5b8f78536ca640547b",
    "size": 143138
  },
  "inheritsFrom": "1.12"
}