{
  "id": "1.9.4-OptiFine_HD_U_E7",
  "time": "2016-06-01T06:45:48-05:00",
  "releaseTime": "2016-05-10T05:17:16-05:00",
  "type": "release",
  "minecraftArguments": "--username ${auth_player_name} --version ${version_name} --gameDir ${game_directory} --assetsDir ${assets_root} --assetIndex ${assets_index_name} --uuid ${auth_uuid} --accessToken ${auth_access_token} --userType ${user_type} --versionType ${version_type}  --tweakClass optifine.OptiFineTweaker",
  "libraries": [
    {
      "name": "optifine:OptiFine:1.9.4_HD_U_E7"
    },
    {
      "name": "net.minecraft:launchwrapper:1.12"
    }
  ],
  "mainClass": "net.minecraft.launchwrapper.Launch",
  "minimumLauncherVersion": 18,
  "assets": "1.9",
  "downloads": {
    "client": {
      "url": "https://launcher.mojang.com/mc/game/1.9.4/client/4a61c873be90bb1196d68dac7b29870408c56969/client.jar",
      "sha1": "4a61c873be90bb1196d68dac7b29870408c56969",
      "size": 8736083
    },
    "server": {
      "url": "https://launcher.mojang.com/mc/game/1.9.4/server/edbb7b1758af33d365bf835eb9d13de005b1e274/server.jar",
      "sha1": "edbb7b1758af33d365bf835eb9d13de005b1e274",
      "size": 9399053
    }
  },
  "assetIndex": {
    "totalSize": 120896362,
    "id": "1.9",
    "known": true,
    "url": "https://launchermeta.mojang.com/mc/assets/1.9/8549e8aca91ee8b8d1620e9e8252d477f16a56d5/1.9.json",
    "sha1": "8549e8aca91ee8b8d1620e9e8252d477f16a56d5",
    "size": 137552
  },
  "inheritsFrom": "1.9.4"
}