{
  "id": "1.12.2-OptiFine_HD_U_E2",
  "time": "2017-09-18T03:39:46-05:00",
  "releaseTime": "2017-09-18T03:39:46-05:00",
  "type": "release",
  "minecraftArguments": "--username ${auth_player_name} --version ${version_name} --gameDir ${game_directory} --assetsDir ${assets_root} --assetIndex ${assets_index_name} --uuid ${auth_uuid} --accessToken ${auth_access_token} --userType ${user_type} --versionType ${version_type}  --tweakClass optifine.OptiFineTweaker",
  "libraries": [
    {
      "name": "optifine:OptiFine:1.12.2_HD_U_E2"
    },
    {
      "name": "net.minecraft:launchwrapper:1.12"
    }
  ],
  "mainClass": "net.minecraft.launchwrapper.Launch",
  "minimumLauncherVersion": 18,
  "assets": "1.12",
  "downloads": {
    "client": {
      "url": "https://launcher.mojang.com/v1/objects/0f275bc1547d01fa5f56ba34bdc87d981ee12daf/client.jar",
      "sha1": "0f275bc1547d01fa5f56ba34bdc87d981ee12daf",
      "size": 10180113
    },
    "server": {
      "url": "https://launcher.mojang.com/v1/objects/886945bfb2b978778c3a0288fd7fab09d315b25f/server.jar",
      "sha1": "886945bfb2b978778c3a0288fd7fab09d315b25f",
      "size": 30222121
    }
  },
  "assetIndex": {
    "totalSize": 129336389,
    "id": "1.12",
    "known": true,
    "url": "https://launchermeta.mojang.com/v1/packages/1584b57c1a0b5e593fad1f5b8f78536ca640547b/1.12.json",
    "sha1": "1584b57c1a0b5e593fad1f5b8f78536ca640547b",
    "size": 143138
  },
  "inheritsFrom": "1.12.2"
}