{
  "id": "1.7.2-OptiFine_HD_U_F3",
  "time": "2016-06-01T06:45:48-05:00",
  "releaseTime": "2013-10-25T08:00:00-05:00",
  "type": "release",
  "minecraftArguments": "--username ${auth_player_name} --version ${version_name} --gameDir ${game_directory} --assetsDir ${game_assets} --uuid ${auth_uuid} --accessToken ${auth_access_token}  --tweakClass optifine.OptiFineTweaker",
  "libraries": [
    {
      "name": "optifine:OptiFine:1.7.2_HD_U_F3"
    },
    {
      "name": "net.minecraft:launchwrapper:1.12"
    }
  ],
  "mainClass": "net.minecraft.launchwrapper.Launch",
  "minimumLauncherVersion": 9,
  "assets": "legacy",
  "downloads": {
    "client": {
      "url": "https://launcher.mojang.com/mc/game/1.7.2/client/0c8689f904922af71c7144dcfb81bce976cadd49/client.jar",
      "sha1": "0c8689f904922af71c7144dcfb81bce976cadd49",
      "size": 5117607
    },
    "server": {
      "url": "https://launcher.mojang.com/mc/game/1.7.2/server/3716cac82982e7c2eb09f83028b555e9ea606002/server.jar",
      "sha1": "3716cac82982e7c2eb09f83028b555e9ea606002",
      "size": 9163955
    },
    "windows_server": {
      "url": "https://launcher.mojang.com/mc/game/1.7.2/windows_server/07ae7cdcff6199735eb0f40da5d5c0763558a678/windows_server.exe",
      "sha1": "07ae7cdcff6199735eb0f40da5d5c0763558a678",
      "size": 9559731
    }
  },
  "assetIndex": {
    "totalSize": 111220701,
    "id": "legacy",
    "known": true,
    "url": "https://launchermeta.mojang.com/mc/assets/legacy/c0fd82e8ce9fbc93119e40d96d5a4e62cfa3f729/legacy.json",
    "sha1": "c0fd82e8ce9fbc93119e40d96d5a4e62cfa3f729",
    "size": 134284
  },
  "inheritsFrom": "1.7.2"
}