{
  "id": "1.9-OptiFine_HD_U_E7",
  "time": "2016-06-01T06:45:48-05:00",
  "releaseTime": "2016-02-29T07:49:54-06:00",
  "type": "release",
  "minecraftArguments": "--username ${auth_player_name} --version ${version_name} --gameDir ${game_directory} --assetsDir ${assets_root} --assetIndex ${assets_index_name} --uuid ${auth_uuid} --accessToken ${auth_access_token} --userType ${user_type} --versionType ${version_type}  --tweakClass optifine.OptiFineTweaker",
  "libraries": [
    {
      "name": "optifine:OptiFine:1.9_HD_U_E7"
    },
    {
      "name": "net.minecraft:launchwrapper:1.12"
    }
  ],
  "mainClass": "net.minecraft.launchwrapper.Launch",
  "minimumLauncherVersion": 18,
  "assets": "1.9",
  "downloads": {
    "client": {
      "url": "https://launcher.mojang.com/mc/game/1.9/client/2f67dfe8953299440d1902f9124f0f2c3a2c940f/client.jar",
      "sha1": "2f67dfe8953299440d1902f9124f0f2c3a2c940f",
      "size": 8697592
    },
    "server": {
      "url": "https://launcher.mojang.com/mc/game/1.9/server/b4d449cf2918e0f3bd8aa18954b916a4d1880f0d/server.jar",
      "sha1": "b4d449cf2918e0f3bd8aa18954b916a4d1880f0d",
      "size": 8848015
    }
  },
  "assetIndex": {
    "totalSize": 120896362,
    "id": "1.9",
    "known": true,
    "url": "https://launchermeta.mojang.com/mc/assets/1.9/8549e8aca91ee8b8d1620e9e8252d477f16a56d5/1.9.json",
    "sha1": "8549e8aca91ee8b8d1620e9e8252d477f16a56d5",
    "size": 137552
  },
  "inheritsFrom": "1.9"
}