{
  "id": "1.7.2",
  "time": "2016-06-01T06:45:48-05:00",
  "releaseTime": "2013-10-25T08:00:00-05:00",
  "type": "release",
  "minecraftArguments": "--username ${auth_player_name} --version ${version_name} --gameDir ${game_directory} --assetsDir ${game_assets} --uuid ${auth_uuid} --accessToken ${auth_access_token}",
  "libraries": [
    {
      "name": "com.mojang:netty:1.6",
      "downloads": {
        "artifact": {
          "url": "https://libraries.minecraft.net/com/mojang/netty/1.6/netty-1.6.jar",
          "sha1": "4b75825a06139752bd800d9e29c5fd55b8b1b1e4",
          "size": 7877
        }
      }
    },
    {
      "name": "java3d:vecmath:1.3.1",
      "downloads": {
        "artifact": {
          "url": "https://libraries.minecraft.net/java3d/vecmath/1.3.1/vecmath-1.3.1.jar",
          "sha1": "a0ae4f51da409fa0c20fa0ca59e6bbc9413ae71d",
          "size": 289881
        }
      }
    },
    {
      "name": "net.sf.trove4j:trove4j:3.0.3",
      "downloads": {
        "artifact": {
          "url": "https://libraries.minecraft.net/net/sf/trove4j/trove4j/3.0.3/trove4j-3.0.3.jar",
          "sha1": "42ccaf4761f0dfdfa805c9e340d99a755907e2dd",
          "size": 2523218
        }
      }
    },
    {
      "name": "com.ibm.icu:icu4j-core-mojang:51.2",
      "downloads": {
        "artifact": {
          "url": "https://libraries.minecraft.net/com/ibm/icu/icu4j-core-mojang/51.2/icu4j-core-mojang-51.2.jar",
          "sha1": "63d216a9311cca6be337c1e458e587f99d382b84",
          "size": 1634692
        }
      }
    },
    {
      "name": "net.sf.jopt-simple:jopt-simple:4.5",
      "downloads": {
        "artifact": {
          "url": "https://libraries.minecraft.net/net/sf/jopt-simple/jopt-simple/4.5/jopt-simple-4.5.jar",
          "sha1": "6065cc95c661255349c1d0756657be17c29a4fd3",
          "size": 61311
        }
      }
    },
    {
      "name": "com.paulscode:codecjorbis:20101023",
      "downloads": {
        "artifact": {
          "url": "https://libraries.minecraft.net/com/paulscode/codecjorbis/20101023/codecjorbis-20101023.jar",
          "sha1": "c73b5636faf089d9f00e8732a829577de25237ee",
          "size": 103871
        }
      }
    },
    {
      "name": "com.paulscode:codecwav:20101023",
      "downloads": {
        "artifact": {
          "url": "https://libraries.minecraft.net/com/paulscode/codecwav/20101023/codecwav-20101023.jar",
          "sha1": "12f031cfe88fef5c1dd36c563c0a3a69bd7261da",
          "size": 5618
        }
      }
    },
    {
      "name": "com.paulscode:libraryjavasound:20101123",
      "downloads": {
        "artifact": {
          "url": "https://libraries.minecraft.net/com/paulscode/libraryjavasound/20101123/libraryjavasound-20101123.jar",
          "sha1": "5c5e304366f75f9eaa2e8cca546a1fb6109348b3",
          "size": 21679
        }
      }
    },
    {
      "name": "com.paulscode:librarylwjglopenal:20100824",
      "downloads": {
        "artifact": {
          "url": "https://libraries.minecraft.net/com/paulscode/librarylwjglopenal/20100824/librarylwjglopenal-20100824.jar",
          "sha1": "73e80d0794c39665aec3f62eee88ca91676674ef",
          "size": 18981
        }
      }
    },
    {
      "name": "com.paulscode:soundsystem:20120107",
      "downloads": {
        "artifact": {
          "url": "https://libraries.minecraft.net/com/paulscode/soundsystem/20120107/soundsystem-20120107.jar",
          "sha1": "419c05fe9be71f792b2d76cfc9b67f1ed0fec7f6",
          "size": 65020
        }
      }
    },
    {
      "name": "io.netty:netty-all:4.0.10.Final",
      "downloads": {
        "artifact": {
          "url": "https://libraries.minecraft.net/io/netty/netty-all/4.0.10.Final/netty-all-4.0.10.Final.jar",
          "sha1": "9e50bd52ffe257a0e2cd8d971688d6ce7d174325",
          "size": 1452995
        }
      }
    },
    {
      "name": "com.google.guava:guava:15.0",
      "downloads": {
        "artifact": {
          "url": "https://libraries.minecraft.net/com/google/guava/guava/15.0/guava-15.0.jar",
          "sha1": "ed727a8d9f247e2050281cb083f1c77b09dcb5cd",
          "size": 2172168
        }
      }
    },
    {
      "name": "org.apache.commons:commons-lang3:3.1",
      "downloads": {
        "artifact": {
          "url": "https://libraries.minecraft.net/org/apache/commons/commons-lang3/3.1/commons-lang3-3.1.jar",
          "sha1": "905075e6c80f206bbe6cf1e809d2caa69f420c76",
          "size": 315805
        }
      }
    },
    {
      "name": "commons-io:commons-io:2.4",
      "downloads": {
        "artifact": {
          "url": "https://libraries.minecraft.net/commons-io/commons-io/2.4/commons-io-2.4.jar",
          "sha1": "b1b6ea3b7e4aa4f492509a4952029cd8e48019ad",
          "size": 185140
        }
      }
    },
    {
      "name": "net.java.jinput:jinput:2.0.5",
      "downloads": {
        "artifact": {
          "url": "https://libraries.minecraft.net/net/java/jinput/jinput/2.0.5/jinput-2.0.5.jar",
          "sha1": "39c7796b469a600f72380316f6b1f11db6c2c7c4",
          "size": 208338
        }
      }
    },
    {
      "name": "net.java.jutils:jutils:1.0.0",
      "downloads": {
        "artifact": {
          "url": "https://libraries.minecraft.net/net/java/jutils/jutils/1.0.0/jutils-1.0.0.jar",
          "sha1": "e12fe1fda814bd348c1579329c86943d2cd3c6a6",
          "size": 7508
        }
      }
    },
    {
      "name": "com.google.code.gson:gson:2.2.4",
      "downloads": {
        "artifact": {
          "url": "https://libraries.minecraft.net/com/google/code/gson/gson/2.2.4/gson-2.2.4.jar",
          "sha1": "a60a5e993c98c864010053cb901b7eab25306568",
          "size": 190432
        }
      }
    },
    {
      "name": "com.mojang:authlib:1.3",
      "downloads": {
        "artifact": {
          "url": "https://libraries.minecraft.net/com/mojang/authlib/1.3/authlib-1.3.jar",
          "sha1": "4fb033c2d6eccced08752d8f33e8c3a0a45deb2d",
          "size": 35930
        }
      }
    },
    {
      "name": "org.apache.logging.log4j:log4j-api:2.0-beta9",
      "downloads": {
        "artifact": {
          "url": "https://libraries.minecraft.net/org/apache/logging/log4j/log4j-api/2.0-beta9/log4j-api-2.0-beta9.jar",
          "sha1": "1dd66e68cccd907880229f9e2de1314bd13ff785",
          "size": 108161
        }
      }
    },
    {
      "name": "org.apache.logging.log4j:log4j-core:2.0-beta9",
      "downloads": {
        "artifact": {
          "url": "https://libraries.minecraft.net/org/apache/logging/log4j/log4j-core/2.0-beta9/log4j-core-2.0-beta9.jar",
          "sha1": "678861ba1b2e1fccb594bb0ca03114bb05da9695",
          "size": 681134
        }
      }
    },
    {
      "name": "org.lwjgl.lwjgl:lwjgl:2.9.0",
      "rules": [
        {
          "action": "allow"
        },
        {
          "action": "disallow",
          "os": {
            "name": "osx"
          }
        }
      ],
      "downloads": {
        "artifact": {
          "url": "https://libraries.minecraft.net/org/lwjgl/lwjgl/lwjgl/2.9.0/lwjgl-2.9.0.jar",
          "sha1": "5654d06e61a1bba7ae1e7f5233e1106be64c91cd",
          "size": 994633
        }
      }
    },
    {
      "name": "org.lwjgl.lwjgl:lwjgl_util:2.9.0",
      "rules": [
        {
          "action": "allow"
        },
        {
          "action": "disallow",
          "os": {
            "name": "osx"
          }
        }
      ],
      "downloads": {
        "artifact": {
          "url": "https://libraries.minecraft.net/org/lwjgl/lwjgl/lwjgl_util/2.9.0/lwjgl_util-2.9.0.jar",
          "sha1": "a778846b64008fc7f48ead2377f034e547991699",
          "size": 173360
        }
      }
    },
    {
      "name": "org.lwjgl.lwjgl:lwjgl-platform:2.9.0",
      "rules": [
        {
          "action": "allow"
        },
        {
          "action": "disallow",
          "os": {
            "name": "osx"
          }
        }
      ],
      "natives": {
        "linux": "natives-linux",
        "windows": "natives-windows"
      },
      "extract": {
        "exclude": [
          "META-INF/"
        ]
      },
      "downloads": {
        "classifiers": {
          "natives-linux": {
            "url": "https://libraries.minecraft.net/org/lwjgl/lwjgl/lwjgl-platform/2.9.0/lwjgl-platform-2.9.0-natives-linux.jar",
            "sha1": "2ba5dcb11048147f1a74eff2deb192c001321f77",
            "size": 569061
          },
          "natives-osx": {
            "url": "https://libraries.minecraft.net/org/lwjgl/lwjgl/lwjgl-platform/2.9.0/lwjgl-platform-2.9.0-natives-osx.jar",
            "sha1": "6621b382cb14cc409b041d8d72829156a87c31aa",
            "size": 518924
          },
          "natives-windows": {
            "url": "https://libraries.minecraft.net/org/lwjgl/lwjgl/lwjgl-platform/2.9.0/lwjgl-platform-2.9.0-natives-windows.jar",
            "sha1": "3f11873dc8e84c854ec7c5a8fd2e869f8aaef764",
            "size": 609967
          }
        }
      }
    },
    {
      "name": "org.lwjgl.lwjgl:lwjgl:2.9.1-nightly-20131017",
      "rules": [
        {
          "action": "allow",
          "os": {
            "name": "osx"
          }
        }
      ],
      "downloads": {
        "artifact": {
          "url": "https://libraries.minecraft.net/org/lwjgl/lwjgl/lwjgl/2.9.1-nightly-20131017/lwjgl-2.9.1-nightly-20131017.jar",
          "sha1": "148d2981251ad796e50922dabfb9354ec26741dd",
          "size": 1016818
        }
      }
    },
    {
      "name": "org.lwjgl.lwjgl:lwjgl_util:2.9.1-nightly-20131017",
      "rules": [
        {
          "action": "allow",
          "os": {
            "name": "osx"
          }
        }
      ],
      "downloads": {
        "artifact": {
          "url": "https://libraries.minecraft.net/org/lwjgl/lwjgl/lwjgl_util/2.9.1-nightly-20131017/lwjgl_util-2.9.1-nightly-20131017.jar",
          "sha1": "b4570ef98d017fa8f515a202e727dd12f6ef52f3",
          "size": 173887
        }
      }
    },
    {
      "name": "org.lwjgl.lwjgl:lwjgl-platform:2.9.1-nightly-20131017",
      "rules": [
        {
          "action": "allow",
          "os": {
            "name": "osx"
          }
        }
      ],
      "natives": {
        "osx": "natives-osx"
      },
      "extract": {
        "exclude": [
          "META-INF/"
        ]
      },
      "downloads": {
        "classifiers": {
          "natives-osx": {
            "url": "https://libraries.minecraft.net/org/lwjgl/lwjgl/lwjgl-platform/2.9.1-nightly-20131017/lwjgl-platform-2.9.1-nightly-20131017-natives-osx.jar",
            "sha1": "54241f3f8dac9617ca1ff335ffd3939f849c5017",
            "size": 524201
          }
        }
      }
    },
    {
      "name": "net.java.jinput:jinput-platform:2.0.5",
      "natives": {
        "linux": "natives-linux",
        "osx": "natives-osx",
        "windows": "natives-windows"
      },
      "extract": {
        "exclude": [
          "META-INF/"
        ]
      },
      "downloads": {
        "classifiers": {
          "natives-linux": {
            "url": "https://libraries.minecraft.net/net/java/jinput/jinput-platform/2.0.5/jinput-platform-2.0.5-natives-linux.jar",
            "sha1": "7ff832a6eb9ab6a767f1ade2b548092d0fa64795",
            "size": 10362
          },
          "natives-osx": {
            "url": "https://libraries.minecraft.net/net/java/jinput/jinput-platform/2.0.5/jinput-platform-2.0.5-natives-osx.jar",
            "sha1": "53f9c919f34d2ca9de8c51fc4e1e8282029a9232",
            "size": 12186
          },
          "natives-windows": {
            "url": "https://libraries.minecraft.net/net/java/jinput/jinput-platform/2.0.5/jinput-platform-2.0.5-natives-windows.jar",
            "sha1": "385ee093e01f587f30ee1c8a2ee7d408fd732e16",
            "size": 155179
          }
        }
      }
    }
  ],
  "mainClass": "net.minecraft.client.main.Main",
  "minimumLauncherVersion": 9,
  "assets": "legacy",
  "downloads": {
    "client": {
      "url": "https://launcher.mojang.com/mc/game/1.7.2/client/0c8689f904922af71c7144dcfb81bce976cadd49/client.jar",
      "sha1": "0c8689f904922af71c7144dcfb81bce976cadd49",
      "size": 5117607
    },
    "server": {
      "url": "https://launcher.mojang.com/mc/game/1.7.2/server/3716cac82982e7c2eb09f83028b555e9ea606002/server.jar",
      "sha1": "3716cac82982e7c2eb09f83028b555e9ea606002",
      "size": 9163955
    },
    "windows_server": {
      "url": "https://launcher.mojang.com/mc/game/1.7.2/windows_server/07ae7cdcff6199735eb0f40da5d5c0763558a678/windows_server.exe",
      "sha1": "07ae7cdcff6199735eb0f40da5d5c0763558a678",
      "size": 9559731
    }
  },
  "assetIndex": {
    "totalSize": 111220701,
    "id": "legacy",
    "known": true,
    "url": "https://launchermeta.mojang.com/mc/assets/legacy/c0fd82e8ce9fbc93119e40d96d5a4e62cfa3f729/legacy.json",
    "sha1": "c0fd82e8ce9fbc93119e40d96d5a4e62cfa3f729",
    "size": 134284
  }
}