{
  "id": "1.13.1-OptiFine_HD_U_E4",
  "inheritsFrom": "1.13.1",
  "time": "2018-11-06T00:31:19-06:00",
  "releaseTime": "2018-11-06T00:31:19-06:00",
  "type": "release",
  "libraries": [
    {
      "name": "optifine:OptiFine:1.13.1_HD_U_E4"
    },
    {
      "name": "net.minecraft:launchwrapper:1.12"
    }
  ],
  "mainClass": "net.minecraft.launchwrapper.Launch",
  "minimumLauncherVersion": "21",
  "arguments": {
    "game": [
      "--tweakClass",
      "optifine.OptiFineTweaker"
    ]
  }
}