{
  "id": "1.16.1-OptiFine_HD_U_G2_pre3",
  "inheritsFrom": "1.16.1",
  "time": "2020-07-14T22:35:28-05:00",
  "releaseTime": "2020-07-14T22:35:28-05:00",
  "type": "release",
  "libraries": [
    {
      "name": "optifine:OptiFine:1.16.1_HD_U_G2_pre3"
    },
    {
      "name": "optifine:launchwrapper-of:2.1"
    }
  ],
  "mainClass": "net.minecraft.launchwrapper.Launch",
  "minimumLauncherVersion": "21",
  "arguments": {
    "game": [
      "--tweakClass",
      "optifine.OptiFineTweaker"
    ]
  }
}