{
  "id": "1.15.2-OptiFine_HD_U_G1_pre30",
  "inheritsFrom": "1.15.2",
  "time": "2020-07-14T22:47:16-05:00",
  "releaseTime": "2020-07-14T22:47:16-05:00",
  "type": "release",
  "libraries": [
    {
      "name": "optifine:OptiFine:1.15.2_HD_U_G1_pre30"
    },
    {
      "name": "optifine:launchwrapper-of:2.1"
    }
  ],
  "mainClass": "net.minecraft.launchwrapper.Launch",
  "minimumLauncherVersion": "21",
  "arguments": {
    "game": [
      "--tweakClass",
      "optifine.OptiFineTweaker"
    ]
  }
}