{
  "id": "1.12.2-OptiFine_HD_U_F4",
  "inheritsFrom": "1.12.2",
  "time": "2019-12-10T21:08:58-06:00",
  "releaseTime": "2019-12-10T21:08:58-06:00",
  "type": "release",
  "libraries": [
    {
      "name": "optifine:OptiFine:1.12.2_HD_U_F4"
    },
    {
      "name": "optifine:launchwrapper-of:2.1"
    }
  ],
  "mainClass": "net.minecraft.launchwrapper.Launch",
  "minecraftArguments": "--username ${auth_player_name} --version ${version_name} --gameDir ${game_directory} --assetsDir ${assets_root} --assetIndex ${assets_index_name} --uuid ${auth_uuid} --accessToken ${auth_access_token} --userType ${user_type} --versionType ${version_type}  --tweakClass optifine.OptiFineTweaker"
}