{
  "id": "1.10.2-OptiFine_HD_U_E7",
  "time": "2016-10-22T15:28:03-05:00",
  "releaseTime": "2016-06-23T04:17:32-05:00",
  "type": "release",
  "minecraftArguments": "--username ${auth_player_name} --version ${version_name} --gameDir ${game_directory} --assetsDir ${assets_root} --assetIndex ${assets_index_name} --uuid ${auth_uuid} --accessToken ${auth_access_token} --userType ${user_type} --versionType ${version_type}  --tweakClass optifine.OptiFineTweaker",
  "libraries": [
    {
      "name": "optifine:OptiFine:1.10.2_HD_U_E7"
    },
    {
      "name": "net.minecraft:launchwrapper:1.12"
    }
  ],
  "mainClass": "net.minecraft.launchwrapper.Launch",
  "minimumLauncherVersion": 18,
  "assets": "1.10",
  "downloads": {
    "client": {
      "url": "https://launcher.mojang.com/mc/game/1.10.2/client/dc8e75ac7274ff6af462b0dcec43c307de668e40/client.jar",
      "sha1": "dc8e75ac7274ff6af462b0dcec43c307de668e40",
      "size": 8857653
    },
    "server": {
      "url": "https://launcher.mojang.com/mc/game/1.10.2/server/3d501b23df53c548254f5e3f66492d178a48db63/server.jar",
      "sha1": "3d501b23df53c548254f5e3f66492d178a48db63",
      "size": 9459897
    }
  },
  "assetIndex": {
    "totalSize": 122198775,
    "id": "1.10",
    "known": true,
    "url": "https://launchermeta.mojang.com/mc/assets/1.10/72241db3c0bdc39e39b202182ff0000da5271a1d/1.10.json",
    "sha1": "72241db3c0bdc39e39b202182ff0000da5271a1d",
    "size": 145874
  },
  "inheritsFrom": "1.10.2"
}